{"_notifyingListeners":false,"_scopeListeners":[],"_eventProcessors":[],"_breadcrumbs":[{"timestamp":1676531822.789,"category":"electron","message":"app.browser-window-focus","type":"ui"},{"timestamp":1676531822.795,"category":"electron","message":"window.leave-full-screen","type":"ui","data":{"id":1,"url":"app:///generated/index.html"}},{"timestamp":1676531822.798,"category":"electron","message":"window.leave-full-screen","type":"ui","data":{"id":1,"url":"app:///generated/index.html"}},{"timestamp":1676531822.8,"category":"electron","message":"window.leave-full-screen","type":"ui","data":{"id":1,"url":"app:///generated/index.html"}},{"timestamp":1676531822.802,"category":"electron","message":"window.blur","type":"ui","data":{"id":1,"url":"app:///generated/index.html"}},{"timestamp":1676531822.803,"category":"electron","message":"app.browser-window-blur","type":"ui"},{"timestamp":1676531822.804,"category":"electron","message":"window.focus","type":"ui","data":{"id":1,"url":"app:///generated/index.html"}},{"timestamp":1676531822.804,"category":"electron","message":"app.browser-window-focus","type":"ui"},{"timestamp":1676531822.804,"category":"electron","message":"window.blur","type":"ui","data":{"id":1,"url":"app:///generated/index.html"}},{"timestamp":1676531822.804,"category":"electron","message":"app.browser-window-blur","type":"ui"},{"timestamp":1676531822.883,"category":"electron","message":"window.leave-full-screen","type":"ui","data":{"id":1,"url":"app:///generated/index.html"}},{"timestamp":1676531822.884,"category":"electron","message":"window.leave-full-screen","type":"ui","data":{"id":1,"url":"app:///generated/index.html"}},{"timestamp":1676531822.885,"category":"electron","message":"window.focus","type":"ui","data":{"id":1,"url":"app:///generated/index.html"}},{"timestamp":1676531822.885,"category":"electron","message":"app.browser-window-focus","type":"ui"},{"timestamp":1676531822.885,"category":"electron","message":"window.blur","type":"ui","data":{"id":1,"url":"app:///generated/index.html"}},{"timestamp":1676531822.886,"category":"electron","message":"app.browser-window-blur","type":"ui"},{"timestamp":1676531822.953,"category":"electron","message":"window.leave-full-screen","type":"ui","data":{"id":1,"url":"app:///generated/index.html"}},{"timestamp":1676531822.953,"category":"electron","message":"window.focus","type":"ui","data":{"id":1,"url":"app:///generated/index.html"}},{"timestamp":1676531822.953,"category":"electron","message":"app.browser-window-focus","type":"ui"},{"timestamp":1676531822.955,"category":"electron","message":"window.leave-full-screen","type":"ui","data":{"id":1,"url":"app:///generated/index.html"}},{"timestamp":1676531822.956,"category":"electron","message":"window.blur","type":"ui","data":{"id":1,"url":"app:///generated/index.html"}},{"timestamp":1676531822.956,"category":"electron","message":"app.browser-window-blur","type":"ui"},{"timestamp":1676531823.304,"category":"fetch","data":{"method":"GET","url":"sentry-ipc://sentry-electron.ping/sentry_key","status_code":200},"type":"http"},{"timestamp":1676531823.424,"category":"console","level":"log","message":"packageUpdatable false"},{"timestamp":1676531824.89,"category":"fetch","data":{"method":"POST","url":"https://data.balena-cloud.com/amplitude/2/httpapi","status_code":200},"type":"http"},{"timestamp":1676531826.006,"category":"electron","message":"window.leave-full-screen","type":"ui","data":{"id":1,"url":"app:///generated/index.html"}},{"timestamp":1676531826.006,"category":"electron","message":"window.focus","type":"ui","data":{"id":1,"url":"app:///generated/index.html"}},{"timestamp":1676531826.007,"category":"electron","message":"app.browser-window-focus","type":"ui"},{"timestamp":1676531826.013,"category":"electron","message":"window.leave-full-screen","type":"ui","data":{"id":1,"url":"app:///generated/index.html"}},{"timestamp":1676531826.016,"category":"electron","message":"window.leave-full-screen","type":"ui","data":{"id":1,"url":"app:///generated/index.html"}},{"timestamp":1676531826.416,"category":"fetch","data":{"method":"POST","url":"https://data.balena-cloud.com/amplitude/2/httpapi","status_code":200},"type":"http"},{"timestamp":1676531828.722,"category":"electron","message":"window.leave-full-screen","type":"ui","data":{"id":1,"url":"app:///generated/index.html"}},{"timestamp":1676531828.724,"category":"electron","message":"window.blur","type":"ui","data":{"id":1,"url":"app:///generated/index.html"}},{"timestamp":1676531828.724,"category":"electron","message":"app.browser-window-blur","type":"ui"},{"timestamp":1676532065.073,"category":"electron","message":"window.leave-full-screen","type":"ui","data":{"id":1,"url":"app:///generated/index.html"}},{"timestamp":1676532065.075,"category":"electron","message":"window.leave-full-screen","type":"ui","data":{"id":1,"url":"app:///generated/index.html"}},{"timestamp":1676532065.076,"category":"electron","message":"window.leave-full-screen","type":"ui","data":{"id":1,"url":"app:///generated/index.html"}},{"timestamp":1676532065.077,"category":"electron","message":"window.focus","type":"ui","data":{"id":1,"url":"app:///generated/index.html"}},{"timestamp":1676532065.077,"category":"electron","message":"app.browser-window-focus","type":"ui"},{"timestamp":1676532065.548,"category":"electron","message":"window.leave-full-screen","type":"ui","data":{"id":1,"url":"app:///generated/index.html"}},{"timestamp":1676532065.55,"category":"electron","message":"window.blur","type":"ui","data":{"id":1,"url":"app:///generated/index.html"}},{"timestamp":1676532065.551,"category":"electron","message":"app.browser-window-blur","type":"ui"},{"timestamp":1676532065.806,"category":"electron","message":"window.leave-full-screen","type":"ui","data":{"id":1,"url":"app:///generated/index.html"}},{"timestamp":1676532065.806,"category":"electron","message":"window.leave-full-screen","type":"ui","data":{"id":1,"url":"app:///generated/index.html"}},{"timestamp":1676532065.807,"category":"electron","message":"window.leave-full-screen","type":"ui","data":{"id":1,"url":"app:///generated/index.html"}},{"timestamp":1676532065.808,"category":"electron","message":"window.focus","type":"ui","data":{"id":1,"url":"app:///generated/index.html"}},{"timestamp":1676532065.808,"category":"electron","message":"app.browser-window-focus","type":"ui"},{"timestamp":1676532066.015,"category":"electron","message":"window.leave-full-screen","type":"ui","data":{"id":1,"url":"app:///generated/index.html"}},{"timestamp":1676532066.016,"category":"electron","message":"window.blur","type":"ui","data":{"id":1,"url":"app:///generated/index.html"}},{"timestamp":1676532066.016,"category":"electron","message":"app.browser-window-blur","type":"ui"},{"timestamp":1676532483.201,"category":"electron","message":"window.leave-full-screen","type":"ui","data":{"id":1,"url":"app:///generated/index.html"}},{"timestamp":1676532483.204,"category":"electron","message":"window.leave-full-screen","type":"ui","data":{"id":1,"url":"app:///generated/index.html"}},{"timestamp":1676532483.206,"category":"electron","message":"window.leave-full-screen","type":"ui","data":{"id":1,"url":"app:///generated/index.html"}},{"timestamp":1676532483.206,"category":"electron","message":"window.focus","type":"ui","data":{"id":1,"url":"app:///generated/index.html"}},{"timestamp":1676532483.207,"category":"electron","message":"app.browser-window-focus","type":"ui"},{"timestamp":1676532484.914,"category":"ui.click","message":"div.StyledBox-sc-13pk1d4-0.hbpewy"},{"timestamp":1676532486.048,"category":"electron","message":"window.leave-full-screen","type":"ui","data":{"id":1,"url":"app:///generated/index.html"}},{"timestamp":1676532486.063,"category":"electron","message":"window.blur","type":"ui","data":{"id":1,"url":"app:///generated/index.html"}},{"timestamp":1676532486.063,"category":"electron","message":"app.browser-window-blur","type":"ui"},{"timestamp":1676532487.317,"category":"fetch","data":{"method":"POST","url":"https://data.balena-cloud.com/amplitude/2/httpapi","status_code":200},"type":"http"},{"timestamp":1676532489.261,"category":"electron","message":"window.leave-full-screen","type":"ui","data":{"id":1,"url":"app:///generated/index.html"}},{"timestamp":1676532489.265,"category":"electron","message":"window.leave-full-screen","type":"ui","data":{"id":1,"url":"app:///generated/index.html"}},{"timestamp":1676532489.266,"category":"electron","message":"window.leave-full-screen","type":"ui","data":{"id":1,"url":"app:///generated/index.html"}},{"timestamp":1676532489.266,"category":"electron","message":"window.focus","type":"ui","data":{"id":1,"url":"app:///generated/index.html"}},{"timestamp":1676532489.267,"category":"electron","message":"app.browser-window-focus","type":"ui"},{"timestamp":1676532490.699,"category":"fetch","data":{"method":"POST","url":"https://data.balena-cloud.com/amplitude/2/httpapi","status_code":200},"type":"http"},{"timestamp":1676532491.003,"category":"ui.click","message":"button.StyledButton-sc-323bzc-0.iHCbSA.sc-hBxehG.sc-fnGiBr.iSImaF.kKMhMs.sc-dmctIk.cFTjVP.sc-dPWrhe.yHWKF.sc-cOxWqc.bTOqml[type=\"button\"]"},{"timestamp":1676532491.031,"category":"console","level":"error","message":"Error occurred in handler for 'disable-screensaver': No handler registered for 'disable-screensaver'"},{"timestamp":1676532491.159,"category":"electron","message":"app.session-created","type":"ui"},{"timestamp":1676532491.216,"category":"electron","message":"app.web-contents-created","type":"ui"},{"timestamp":1676532491.365,"category":"electron","message":"renderer.load-url","type":"ui","data":{}},{"timestamp":1676532491.344,"category":"console","data":{"arguments":["Elevating command: /home/elias/Hämtningar/balenaEtcher-1.14.3-x64.AppImage -e require(`${process.env.APPDIR}/resources/app/generated/child-writer.js`)"],"logger":"console"},"level":"log","message":"Elevating command: /home/elias/Hämtningar/balenaEtcher-1.14.3-x64.AppImage -e require(`${process.env.APPDIR}/resources/app/generated/child-writer.js`)"},{"timestamp":1676532491.356,"category":"console","data":{"arguments":[{"message":"Error invoking remote method 'disable-screensaver': No handler registered for 'disable-screensaver'","name":"Error","stack":"Error: Error invoking remote method 'disable-screensaver': No handler registered for 'disable-screensaver'\n    at EventEmitter.i.invoke (electron/js2c/renderer_init.js:73:529)"}],"logger":"console"},"level":"error","message":"Error: Error invoking remote method 'disable-screensaver': No handler registered for 'disable-screensaver'"},{"timestamp":1676532492.208,"category":"electron","message":"renderer.dom-ready","type":"ui","data":{"id":2,"url":"https://assets.balena.io/etcher-featured/index.html?borderRight=false&darkBackground=true&etcher-version=1.14.3&api-version=2&optOutAnalytics=false"}},{"timestamp":1676532492.215,"category":"electron","message":"window.show","type":"ui","data":{"id":1,"url":"app:///generated/index.html"}},{"timestamp":1676532492.216,"category":"console","level":"error","message":"(node:2061) Warning: No such label 'ready-to-show' for console.timeEnd()\n(Use `balena-etcher.bin --trace-warnings ...` to show where the warning was created)"},{"timestamp":1676532492.495,"category":"fetch","data":{"method":"POST","url":"https://data.balena-cloud.com/amplitude/2/httpapi","status_code":200},"type":"http"},{"timestamp":1676532494.178,"category":"fetch","data":{"method":"POST","url":"https://data.balena-cloud.com/amplitude/2/httpapi","status_code":200},"type":"http"},{"timestamp":1676532495.462,"category":"electron","message":"renderer.dom-ready","type":"ui","data":{"id":2,"url":"https://efp.balena.io/"}},{"timestamp":1676532495.601,"category":"electron","message":"window.show","type":"ui","data":{"id":1,"url":"app:///generated/index.html"}},{"timestamp":1676532495.602,"category":"console","level":"error","message":"(node:2061) Warning: No such label 'ready-to-show' for console.timeEnd()"},{"timestamp":1676532599.649,"category":"ui.click","message":"div.sc-kgTSHT.bHoTCe.sc-fLcnxK.idMwKD"},{"timestamp":1676532601.519,"category":"ui.click","message":"div.sc-gKPRtg.cebezU.sc-iBYQkv.bYtCvW.sc-ftTHYK.kgWwaa"},{"timestamp":1676532602.376,"category":"ui.click","message":"button.StyledButton-sc-323bzc-0.fvTByX.sc-hBxehG.sc-dIfARi.iSImaF.ccuDuC.sc-dmctIk.kBYeBH.sc-bWOGAC.IkFqj[type=\"button\"]"},{"timestamp":1676532603.477,"category":"ui.click","message":"button.StyledButton-sc-323bzc-0.fvTByX.sc-hBxehG.sc-dIfARi.iSImaF.ccuDuC.sc-dmctIk.kBYeBH.sc-bWOGAC.IkFqj[type=\"button\"]"},{"timestamp":1676532603.951,"category":"fetch","data":{"method":"POST","url":"https://data.balena-cloud.com/amplitude/2/httpapi","status_code":200},"type":"http"},{"timestamp":1676532604.417,"category":"electron","message":"window.leave-full-screen","type":"ui","data":{"id":1,"url":"app:///generated/index.html"}},{"timestamp":1676532604.43,"category":"electron","message":"window.blur","type":"ui","data":{"id":1,"url":"app:///generated/index.html"}},{"timestamp":1676532604.431,"category":"electron","message":"app.browser-window-blur","type":"ui"},{"timestamp":1676532604.67,"category":"fetch","data":{"method":"POST","url":"https://data.balena-cloud.com/amplitude/2/httpapi","status_code":200},"type":"http"},{"timestamp":1676532604.871,"category":"electron","message":"window.leave-full-screen","type":"ui","data":{"id":1,"url":"app:///generated/index.html"}},{"timestamp":1676532604.873,"category":"electron","message":"window.leave-full-screen","type":"ui","data":{"id":1,"url":"app:///generated/index.html"}},{"timestamp":1676532604.874,"category":"electron","message":"window.leave-full-screen","type":"ui","data":{"id":1,"url":"app:///generated/index.html"}},{"timestamp":1676532604.876,"category":"electron","message":"window.focus","type":"ui","data":{"id":1,"url":"app:///generated/index.html"}},{"timestamp":1676532604.876,"category":"electron","message":"app.browser-window-focus","type":"ui"},{"timestamp":1676532606.236,"category":"ui.click","message":"button.StyledButton-sc-323bzc-0.fvTByX.sc-hBxehG.sc-dIfARi.iSImaF.ccuDuC.sc-dmctIk.kBYeBH.sc-bWOGAC.IkFqj[type=\"button\"]"},{"timestamp":1676532607.436,"category":"fetch","data":{"method":"POST","url":"https://data.balena-cloud.com/amplitude/2/httpapi","status_code":200},"type":"http"},{"timestamp":1676532609.828,"category":"electron","message":"window.leave-full-screen","type":"ui","data":{"id":1,"url":"app:///generated/index.html"}},{"timestamp":1676532609.831,"category":"electron","message":"window.blur","type":"ui","data":{"id":1,"url":"app:///generated/index.html"}},{"timestamp":1676532609.831,"category":"electron","message":"app.browser-window-blur","type":"ui"}],"_attachments":[],"_user":{},"_tags":{},"_extra":{},"_contexts":{},"_sdkProcessingMetadata":{},"_session":{"sid":"9ea9fecfde3f44698dd9b6e6863ff03e","init":false,"started":"2023-02-16T07:16:58.739Z","timestamp":"2023-02-16T07:28:11.441Z","status":"ok","errors":1,"duration":672.7019999027252,"attrs":{"release":"balena-etcher@1.14.3","environment":"production"}}}